<persistence
    xmlns="http://xmlns.jcp.org/xml/ns/persistence"
    xmlns:xsi="http://www.w3.org/2001/XMLSchema-instance"
  version="2.1">
    <persistence-unit name="PERSISTENCE">
        <description> Hibernate JPA Configuration Example</description>
        <provider>org.hibernate.jpa.HibernatePersistenceProvider</provider>
        <class>net.javaguides.hibernate.entity.Student</class>
        <properties>
         <property name="jakarta.persistence.jdbc.driver" value="com.mysql.cj.jdbc.Driver" />
            <property name="jakarta.persistence.jdbc.url"  value="jdbc:mysql://localhost:3306/hibernateproject" />
            <property name="jakarta.persistence.jdbc.user" value="root" />
            <property name="jakarta.persistence.jdbc.password" value="Praj@2811" />
            <property name="hibernate.show_sql" value="true" />
            <property name="hibernate.hbm2ddl.auto" value="create-drop" />
        </properties>
    </persistence-unit>
</persistence>